Cooked: Pancakes | servings=4 | items=7 | category=Breakfast
Cooked: Beef Stir Fry | servings=2 | items=6 | category=Lunch/Dinner
Cooked: Pancakes | servings=1 | items=7 | category=Breakfast
Cooked: Pancakes | servings=4 | items=7 | category=Breakfast
Cooked: Pancakes | servings=3 | items=7 | category=Breakfast
Cooked: Pancakes | servings=2 | items=7 | category=Breakfast
Cooked: Pancakes | servings=3 | items=7 | category=Breakfast
Cooked: Pancakes | servings=4 | items=7 | category=Breakfast
Cooked: Pancakes | servings=5 | items=7 | category=Breakfast
Cooked: Fruit Smoothie | servings=6 | items=4 | category=Breakfast
Cooked: Fruit Smoothie | servings=2 | items=4 | category=Breakfast
